id,Type,Region,tags.power,tags.voltage,tags.name,tags.circuits,tags.frequency,tags.source,x1,y1,x2,y2,DC,status,notes
0,way,SG,line,230000,Woodland - Upper Jurong,3,50,GENI,103.810604036892,1.46223677232137,103.684346399999,1.32882020000002,FALSE,Existing,
1,way,SG,line,230000,Woodland - Choa Chu Kang,3,50,GENI,103.810604036892,1.46223677232137,103.755504587834,1.37631737017714,FALSE,Existing,
2,way,SG,line,230000,Woodland - Ayer Rajah,3,50,GENI,103.810604036892,1.46223677232137,103.789316640636,1.29691003937399,FALSE,Existing,
3,way,SG,line,230000,Woodland - Kallang Basin,3,50,GENI,103.810604036892,1.46223677232137,103.87089430089,1.32002329666033,FALSE,Existing,
4,way,SG,line,230000,Woodland - Tampines,3,50,GENI,103.810604036892,1.46223677232137,103.927062556895,1.36562703348794,FALSE,Existing,
5,way,SG,line,230000,Choa Chu Kang - Ayer RaJah,3,50,GENI,103.755504587834,1.37631737017714,103.789316640636,1.29691003937399,FALSE,Existing,
6,way,SG,line,230000,Upper Jurong - Jurong Island,3,50,GENI,103.684346399999,1.32882020000002,103.707531368932,1.27118748255356,FALSE,Existing,
7,way,SG,line,230000,Jurong Island - Ayer Rajah,3,50,GENI,103.707531368932,1.27118748255356,103.789316640636,1.29691003937399,FALSE,Existing,
8,way,SG,line,230000,Upper Jurong - Ayer Rajah,3,50,GENI,103.684346399999,1.32882020000002,103.789316640636,1.29691003937399,FALSE,Existing,
9,way,SG,line,400000,Ayer Rajah - Tuas PS,3,50,GENI,103.789316640636,1.29691003937399,103.637291375797,1.28833972616484,FALSE,Existing,
10,way,SG,line,230000,Ayer Rajah - Kg Java,3,50,GENI,103.789316640636,1.29691003937399,103.844348184356,1.31289055652993,FALSE,Existing,
11,way,SG,line,400000,Ayer Rajah - Kallang Basin,3,50,GENI,103.789316640636,1.29691003937399,103.87089430089,1.32002329666033,FALSE,Existing,
12,way,SG,line,230000,Kg Java - Kallang Basin,3,50,GENI,103.844348184356,1.31289055652993,103.87089430089,1.32002329666033,FALSE,Existing,
13,way,SG,line,230000,Kallang Basin - Paya Lebar,3,50,GENI,103.87089430089,1.32002329666033,103.898950234584,1.33322795751993,FALSE,Existing,
14,way,SG,line,230000,Paya Lebar - Tampines,3,50,GENI,103.898950234584,1.33322795751993,103.927062556895,1.36562703348794,FALSE,Existing,
15,way,ID,line,275000,Sigli - Arun,3,50,ESDM 2020,95.9637045140265,5.35055736812164,97.0884352999998,5.2144404,FALSE,Construction,
16,way,ID,line,275000,Arun - Pangkalan Susu,3,50,ESDM 2020,97.0884352999998,5.2144404,98.2555398115257,4.11927260385779,FALSE,Construction,
17,way,ID,line,500000,Galang - Rantau Prapat,3,50,ESDM 2020,98.8665821516971,3.44795365128538,99.8083974380356,2.11241188108619,FALSE,Construction,
18,way,ID,line,150000,Rantau Prapat - Labuhan Bilik,3,50,ESDM 2020,98.8665821516971,3.44795365128538,100.162483158102,2.45443924073209,FALSE,Construction,
19,way,ID,line,275000,Rantau Prapat - Sarulla,3,50,ESDM 2020,99.8083974380356,2.11241188108619,99.0754634853452,1.82829845495932,FALSE,Construction,
20,way,ID,line,500000,Rantau Prapat - Perawang,3,50,ESDM 2020,99.8083974380356,2.11241188108619,101.5508389,0.659294599999982,FALSE,Construction,
21,way,ID,line,275000,Payakumbuh - Kiliranjao extension,3,50,ESDM 2020,101.0155696,-0.753668300000015,101.361848099999,-0.883436399999986,FALSE,Existing,
22,way,ID,line,150000,Sungai Rumbai - Muaro Labuh,3,50,ESDM 2020,101.711328941536,-1.2165081983202,101.146163246842,-1.60149873640472,FALSE,Existing,
23,way,ID,line,150000,Sarotangun - Muara Rupit,3,50,ESDM 2020,102.746113997102,-2.3289080977542,102.906236277661,-2.67970612192475,FALSE,Existing,
24,way,ID,line,500000,New Aurduri - Muara Enim,3,50,ESDM 2020,103.5402534,-1.69020239999997,103.797270749999,-3.7305247,FALSE,Existing,
25,way,ID,line,275000,Lumut Balai - Muara Enim,3,50,ESDM 2020,103.6058098,-4.03891550000001,103.797270749999,-3.7305247,FALSE,Existing,
26,way,ID,line,275000,Muara Enim - Gumawang,3,50,ESDM 2020,103.797270749999,-3.7305247,104.7832981,-4.05471040000001,FALSE,Existing,
27,way,ID,line,150000,Mana - Bintuhan,3,50,ESDM 2020,102.933431633641,-4.41363774641939,103.353964857375,-4.79344062663977,FALSE,Existing,
28,way,ID,line,275000,Gumawang - Lampung 1,3,50,ESDM 2020,104.7832981,-4.05471040000001,105.326028,-5.1498233,FALSE,Existing,
29,way,ID,line,150000,Liwa - Krui,3,50,ESDM 2020,104.166736,-5.0188356,103.932079468214,-5.18920826277628,FALSE,Existing,
30,way,ID,line,150000,Pagelaran - Gendongtataan,3,50,ESDM 2020,104.930870893506,-5.36931728127921,105.062025533128,-5.40102643790761,FALSE,Existing,
31,way,ID,line,150000,Gendongtataan - Teluk Ratai,3,50,ESDM 2020,105.062025533128,-5.40102643790761,105.111994619367,-5.60199175109212,FALSE,Existing,
32,way,ID,line,150000,Batam extension,3,50,ESDM 2020,104.133219099999,1.04514520000002,104.227147399999,1.0230555,FALSE,Existing,
33,way,ID,line,150000,Meulaboh - Calang,3,50,ESDM 2020,96.1115341470823,4.17222349771659,95.5975205402099,4.64998398765558,FALSE,Construction,Substation - Power plant as a surrogate
34,way,ID,line,150000,Takengon - Blangkejeren,3,50,ESDM 2020,96.8128887999998,4.61935340000001,97.2995731033092,4.01689041924765,FALSE,Construction,Substation - Power plant as a surrogate
35,way,ID,line,150000,Blangpidie - Tapak Tuan,3,50,ESDM 2020,97.0780028999999,3.4318215,97.1306269079555,3.32228198984796,FALSE,Construction,Substation - Substation node
36,way,ID,line,150000,Tapak Tuan - Sublussalam,3,50,ESDM 2020,97.1306269079555,3.32228198984796,98.0309325921495,2.6323585711219,FALSE,Construction,Substation - Substation node
37,way,ID,line,150000,Sidikalang - PT. DPM,3,50,ESDM 2020,98.3391197847996,2.7357530258553,98.0789956759672,2.86582067644258,FALSE,Construction,
38,way,ID,line,150000,Pematang Siantar - Tanah Jawa,3,50,ESDM 2020,99.1052061550261,2.96485663661685,99.1709923887185,2.80072417125107,FALSE,Construction,
39,way,ID,line,150000,Dumai - Bagan Siapi-api,3,50,ESDM 2020,101.070034499999,1.6036689,100.976747299999,1.84630619999995,FALSE,Construction,
40,way,ID,line,150000,Dumai - Bagan Siapi-api 2,3,50,ESDM 2020,100.948916699999,1.880749,100.931836399999,1.91693889999995,FALSE,Construction,
41,way,ID,line,150000,Dumai - Bagan Siapi-api 3,3,50,ESDM 2020,100.921912199999,1.93380589999995,100.906516299999,1.95311739999995,FALSE,Construction,
42,way,ID,line,150000,Dumai - Bagan Siapi-api 4,3,50,ESDM 2020,100.901001699999,2.00334669999995,100.862321078142,2.06676717042442,FALSE,Construction,
43,way,ID,line,151000,Dumai - Pakning,3,50,ESDM 2020,101.6144385,1.6357732,102.156616229842,1.35999143974465,FALSE,Construction,
44,way,ID,line,152000,Pakning - Siak,3,50,ESDM 2020,102.156616229842,1.35999143974465,101.9958674583,0.783593659234661,FALSE,Construction,
45,way,ID,line,153000,Siak - Selat Panjang,3,50,ESDM 2020,101.9958674583,0.783593659234661,102.714678025171,1.01092661499501,FALSE,Construction,
46,way,ID,line,154000,Selat Panjang - Tanjungsamak,3,50,ESDM 2020,102.714678025171,1.01092661499501,103.081714600348,0.8342630440039,FALSE,Construction,
47,way,ID,line,155000,Tanjungsamak - Tanjung Balai Karimun,3,50,ESDM 2020,103.081714600348,0.8342630440039,103.427752034446,1.00769306709032,FALSE,Construction,
48,way,ID,line,156000,Siak - Pekanbaru,3,50,ESDM 2020,101.9958674583,0.783593659234661,101.550388599999,0.6606,FALSE,Construction,
49,way,ID,line,150000,Pekanbaru - Rengat,3,50,ESDM 2020,102.0454701,0.189753700000045,102.0897558,0.069182800000045,FALSE,Existing,
50,way,ID,line,150000,Pekanbaru - Rengat 2,3,50,ESDM 2020,102.1163685,-0.080968,102.2129137,-0.181088799999955,FALSE,Existing,
51,way,ID,line,150000,Pekanbaru - Rengat 3,3,50,ESDM 2020,101.8157563,0.394039,102.2504777,-0.361738399999955,FALSE,Existing,
52,way,ID,line,150000,Rengat - Teluk Kuantan,3,50,ESDM 2020,101.836402299999,-0.480937899999986,101.6956383,-0.414821499999955,FALSE,Existing,
53,way,ID,line,150000,Rengat - Teluk Kuantan 2,3,50,ESDM 2020,101.6031986,-0.438735399999955,101.581730199999,-0.4745256,FALSE,Existing,
54,way,ID,line,150000,Bangkinang - Pasir Pangarayan,3,50,ESDM 2020,101.033090938573,0.328667046354638,100.336168395033,0.923564109267932,FALSE,Existing,
55,way,ID,line,150000,Bangkinang - Lipat Kain,3,50,ESDM 2020,101.033090938573,0.328667046354638,101.203469503439,0.0255393797232351,FALSE,Construction,
56,way,ID,line,150000,Kuala Tungkai - Sabak,3,50,ESDM 2020,103.388906099999,-0.984467099999986,103.769857599999,-1.25548450000002,FALSE,Construction,
57,way,ID,line,150000,Kuala Tungkai - Pelabuhan Dagang,3,50,ESDM 2020,103.388906099999,-0.984467099999986,103.09203048984,-1.15699290746866,FALSE,Construction,
58,way,ID,line,150000,Pulo Baai - Argamakmur,3,50,ESDM 2020,102.357049599999,-3.82771419999998,102.10237704327,-3.49156522828383,FALSE,Construction,
59,way,ID,line,150000,Argamakmur - Muko-Muko,3,50,ESDM 2020,102.10237704327,-3.49156522828383,101.340413032452,-2.68657703427129,FALSE,Construction,
60,way,ID,line,150000,Muko-Muko - Tapan,3,50,ESDM 2020,101.340413032452,-2.68657703427129,101.078651436241,-2.13057245719462,FALSE,Construction,
61,way,ID,line,150000,Tapan - Sungai Penuh,3,50,ESDM 2020,101.078651436241,-2.13057245719462,101.387841399999,-2.0464456,FALSE,Construction,
62,way,ID,line,150000,Tapan - Kambang,3,50,ESDM 2020,101.078651436241,-2.13057245719462,100.6929374,-1.66031780000001,FALSE,Construction,
63,way,ID,line,150000,Simpang Empat - Ujung Gading,3,50,ESDM 2020,99.8278279587069,0.077741815288327,99.3821168524501,0.203785196541478,FALSE,Construction,
64,way,ID,line,150000,Ujung Gading - Natal,3,50,ESDM 2020,99.3821168524501,0.203785196541478,99.1451317048661,0.581143545380593,FALSE,Construction,
65,way,ID,line,150000,Natal - Panyabungan,3,50,ESDM 2020,99.1451317048661,0.581143545380593,99.573622,0.71471770000002,FALSE,Construction,
66,way,ID,line,150000,Palembang - Koba,3,50,ESDM 2020,104.8963746,-2.95021970000003,106.4005606,-2.5002301,FALSE,Construction,
67,way,ID,line,150000,Tobelo - Malifut,3,50,ESDM 2020,127.962732261106,1.76518982582507,127.829014166746,1.17090412511156,FALSE,Construction,Substation - Substation node
68,way,ID,line,150000,Malifut - Jailolo,3,50,ESDM 2020,127.829014166746,1.17090412511156,127.491737640765,1.07943513612676,FALSE,Construction,Substation - Substation node
69,way,ID,line,150000,Jailolo - Sofifi,3,50,ESDM 2020,127.491737640765,1.07943513612676,127.553261526887,0.702318162572182,FALSE,Construction,Substation - Substation node
70,way,ID,line,150000,Sofifi - Maba,3,50,ESDM 2020,127.553261526887,0.702318162572182,128.287482212849,0.698307439324183,FALSE,Construction,Substation - Electricity utility office as a surrogate
71,way,PH,line,230000,Pudtol - Kabugao,3,60,NGCP 2022,121.372507352621,18.2348203363991,121.18502260265,18.0218340242058,FALSE,Construction,
72,way,PH,line,500000,Kabugao - Kalinga,3,60,NGCP 2022,121.18502260265,18.0218340242058,121.413641400001,17.6411517000001,FALSE,Construction,
73,way,PH,line,500000,Kalinga - Santiago,3,60,NGCP 2022,121.413641400001,17.6411517000001,121.539825299999,16.7303293999999,FALSE,Construction,
74,way,PH,line,500000,Santiago - Nagsaag,3,60,NGCP 2022,121.539825299999,16.7303293999999,120.652389599999,16.0602534999999,FALSE,Construction,
75,way,PH,line,69000,Laoag extension,3,60,NGCP 2022,120.6066381,18.2150121999999,120.6779511,18.1488816,FALSE,Construction,
76,way,PH,line,500000,Laolag - Balaoan,3,60,NGCP 2022,120.6066381,18.2150121999999,120.3919777,16.7441144999999,FALSE,Construction,
77,way,PH,line,500000,Balaolan - Bolo,3,60,NGCP 2022,120.3919777,16.7441144999999,120.1635145,15.9771424,FALSE,Construction,
78,way,PH,line,500000,Bolo - Botolan,3,60,NGCP 2022,120.1635145,15.9771424,119.9543811,15.5854276999999,FALSE,Construction,
79,way,PH,line,500000,Botolan - Castilojas,3,60,NGCP 2022,119.9543811,15.5854276999999,120.2198397,14.9595061,FALSE,Construction,
80,way,PH,line,69000,Naga - Presentacion,3,60,NGCP 2022,123.239349499999,13.6148892,123.734986582068,13.7098690754662,FALSE,Existing,
81,way,PH,line,69000,Presentacion - Codon,3,60,NGCP 2022,123.734986582068,13.7098690754662,124.043733683135,13.6673734287241,FALSE,Construction,Underwater
82,way,PH,line,69000,Codon - Virac,3,60,NGCP 2022,124.043733683135,13.6673734287241,124.26726612887,13.596790636322,FALSE,Existing,
83,way,PH,line,69000,Virac - San Miguel,3,60,NGCP 2022,124.26726612887,13.596790636322,124.288827712796,13.7000087283472,FALSE,Existing,
84,way,PH,line,69000,San Miguel - Viga,3,60,NGCP 2022,124.288827712796,13.7000087283472,124.302873733688,13.8646603567282,FALSE,Existing,
85,way,PH,line,230000,Calapan - Bansud,3,60,NGCP 2022,121.166963599999,13.3632316999999,121.430515894137,12.8667260524275,FALSE,Construction,
86,way,PH,line,230000,Bansud - San Jose,3,0,NGCP 2022,121.430515894137,12.8667260524275,121.274315699999,12.2849835,TRUE,Construction,
87,way,PH,line,230000,San Jose - San Vicente,3,0,NGCP 2022,121.274315699999,12.2849835,119.362825323059,10.5773920998507,TRUE,Construction,To Palawan
88,way,PH,line,69000,San Vicente - Roxas,3,60,NGCP 2022,119.362825323059,10.5773920998507,119.324079760309,10.3166102941217,FALSE,Existing,
89,way,PH,line,69000,Roxas - Puerto Princesa,3,60,NGCP 2022,119.324079760309,10.3166102941217,118.710343199999,9.90873259999998,FALSE,Existing,
90,way,PH,line,69000,Puerto Princesa - Narra,3,60,NGCP 2022,118.702456699999,9.82535479999995,118.346194937928,9.25058931003491,FALSE,Existing,
91,way,PH,line,69000,'Narra - Brooke''s Point',3,60,NGCP 2022,118.346194937928,9.25058931003491,117.836627309331,8.7699021841352,FALSE,Existing,This line should later connect to Sabah
92,way,PH,line,230000,San Jose - Nabas,3,0,NGCP 2022,121.274315699999,12.2849835,121.998555099999,11.9017465,TRUE,Construction,
93,way,PH,line,230000,Nabas - Barotac Viejo,3,60,NGCP 2022,121.998555099999,11.9017465,122.8698954,11.0337184,FALSE,Construction,
94,way,PH,line,230000,Barotac Viejo - Erique B. Maglona,3,0,NGCP 2022,122.8698954,11.0337184,122.964555299999,10.8946814,TRUE,Construction,
95,way,PH,line,230000,Erique B. Maglona -Cadiz,3,60,NGCP 2022,123.049873699999,10.8295915,123.2844969,10.9326179,FALSE,Construction,
96,way,PH,line,230000,Cadiz - Panay,3,60,NGCP 2022,123.3073112,10.9083574,123.4426993,10.526988,FALSE,Construction,
97,way,PH,line,69000,Allen extension,3,60,NGCP 2022,124.275070399999,12.5671577999999,124.293709799999,12.5036000999999,FALSE,Existing,
98,way,PH,line,69000,Allen - Bobon,3,60,NGCP 2022,124.430437499999,12.5216218999999,124.590117571383,12.5096950469832,FALSE,Existing,
99,way,PH,line,69000,Bobon - Bobolosan,3,60,NGCP 2022,124.590117571383,12.5096950469832,125.003833785058,12.5190891605165,FALSE,Existing,
100,way,PH,line,69000,Bobon - Calbayog,3,60,NGCP 2022,124.590117571383,12.5096950469832,124.5923518,12.0804005999999,FALSE,Existing,
101,way,PH,line,69000,Paranas - Taft,3,60,NGCP 2022,125.0404,11.7674415,125.418980406455,11.9114233634724,FALSE,Existing,
102,way,PH,line,69000,Taft - Quinapondan,3,60,NGCP 2022,125.418980406455,11.9114233634724,125.542670124793,11.1845326510666,FALSE,Existing,
103,way,PH,line,69000,Quinapondan - Santa Rita,3,60,NGCP 2022,125.542670124793,11.1845326510666,125.001506099999,11.3952066999999,FALSE,Existing,
104,way,PH,line,230000,Tagolan - Butuan,3,60,NGCP 2022,124.792226,8.55245610000002,125.627498699999,8.9300272,FALSE,Existing,
105,way,PH,line,230000,Cotabato - Tacurong,3,60,NGCP 2022,124.3110021,7.27440049999997,124.686784866115,6.6687226754432,FALSE,Construction,
106,way,PH,line,138000,Kabacan - Kidapawan,3,60,NGCP 2022,124.7887494,7.1146356,125.2198559,7.01381169999995,FALSE,Construction,
107,way,PH,line,138000,Maco - Mati,3,60,NGCP 2022,126.016798951648,7.49792422205302,126.203463247938,6.95891771297435,FALSE,Construction,
108,way,PH,line,230000,Lala - Naga (Mindanao),3,60,NGCP 2022,123.813012299999,7.9140317,122.686822017331,7.81000603051971,FALSE,Construction,
109,way,PH,line,230000,Naga (Mindanao) - Zamboanga,3,60,NGCP 2022,122.686822017331,7.81000603051971,122.214944329467,7.08022221451557,FALSE,Construction,
110,way,PH,line,230000,San Francisco - Tago,3,60,NGCP 2022,125.993584915627,8.50128367750918,126.178206067454,9.02231617353043,FALSE,Construction,
111,way,PH,line,69000,Calapan - Abra de Ilog,3,60,NGCP 2020,121.0863143,13.3642584999999,120.8507104,13.48336,FALSE,Existing,Substation - Substation node
112,way,PH,line,69000,Abra de Ilog - Mamburao,3,60,NGCP 2020,120.7696688,13.4640917999999,120.561105760551,13.2346914813419,FALSE,Existing,Substation - Power plant as a surrogate
113,way,PH,line,69000,Mambuarao - Sablayan,3,60,NGCP 2020,120.561105760551,13.2346914813419,120.802184668721,12.8448403520043,FALSE,Existing,Power plant - Power plant as a surrogate
114,way,PH,line,69000,Sablayan - San Jose,3,60,NGCP 2020,120.802184668721,12.8448403520043,121.0282123,12.4732463999999,FALSE,Existing,Power plant - Power plant as a surrogate
115,way,PH,line,69000,Calapan - Bansud,3,60,NGCP 2020,121.1653483,13.3580698,121.430515894137,12.8667260524275,FALSE,Existing,Substation - Substation node
116,way,PH,line,69000,Panay - Cadiz,3,60,NGCP 2020,123.372154,10.901899,123.4748912,10.5793055,FALSE,Existing,
117,way,PH,line,230000,Panay - Negros,3,60,NGCP 2020,123.442707496861,10.5269822718707,123.642000703138,10.3877122281292,FALSE,TBC,
118,way,PH,line,69000,Panay - Guimalas,3,60,NGCP 2020,122.579349039729,10.7170732775689,122.594426517643,10.6544208542894,FALSE,Existing,So that Guimalay has at least one node
119,way,PH,line,69000,Panay extension,3,60,NGCP 2020,122.094721067939,11.8138258093381,122.0804704,11.4843039,FALSE,Existing,
120,way,PH,line,69000,Panay extension 2,3,60,NGCP 2020,122.0559114,11.4138142999999,121.9700861,10.8302500999999,FALSE,Existing,
121,way,PH,line,69000,Pitogo - Macalelon,3,60,NGCP 2020,122.0986202,13.8204490999999,122.154935599999,13.7541817,FALSE,Existing,
122,way,PH,line,230000,Bohol extension,3,60,NGCP 2020,123.902776696657,9.68028949554038,123.785184203342,9.76838150445948,FALSE,Existing,
123,way,PH,line,230000,Argao - Dumanjug,3,60,NGCP 2020,123.561715999999,9.84317159999986,123.4399324,10.0362941999999,FALSE,Construction,
124,way,PH,line,230000,Dumanjug - Magdugo,3,60,NGCP 2020,123.4399324,10.0362941999999,123.664878,10.3451306999999,FALSE,Construction,
125,way,PH,line,350000,Magdugo - Cebu,3,0,NGCP 2020,123.664878,10.3451306999999,123.9189559,10.3589783,TRUE,Construction,
126,way,PH,line,69000,Northen Leyte extension,3,60,NGCP 2020,124.958843,10.5704577999999,124.992464899999,10.8245663999999,FALSE,Existing,
127,way,PH,line,69000,Northen Leyte extension,3,60,NGCP 2020,124.9739054,11.1627991,124.980793699999,11.2374874999999,FALSE,Existing,
128,way,PH,line,230000,Laoag - Sanchez Mira,3,60,NGCP 2020,120.605964199999,18.2134912,121.22456956152,18.5674351143891,FALSE,Construction,
129,way,PH,line,230000,Sanchez Mira - Pudtol,3,60,NGCP 2020,121.22456956152,18.5674351143891,121.372507352621,18.2348203363991,FALSE,Construction,
130,way,PH,line,230000,Pudtol - Lai-Lo,3,60,NGCP 2020,121.372507352621,18.2348203363991,121.681276099999,18.1272840999999,FALSE,Construction,
131,way,LA,line,115000,Lower Sayaourgy extension,3,50,ERIA 2021,101.755148499999,18.0703447,101.682536999999,18.0849908,FALSE,Existing,
132,way,LA,line,115000,Sayaboury extension,3,50,ERIA 2021,101.699807799999,19.2879335,101.545378299999,19.093842,FALSE,Existing,
133,way,LA,line,115000,Sayaboury - Luang Prabang,3,50,ERIA 2021,102.169656524407,19.7612419081886,101.806787299999,19.2615017999999,FALSE,Existing,
134,way,LA,line,115000,Luang Prabang extension,3,50,ERIA 2021,101.692438421059,19.7337842067233,101.617656399999,19.6792335999999,FALSE,Existing,minor connection to connect Laos with Thailand
135,way,LA,line,115000,Luang Prabang extension 2,3,50,ERIA 2021,102.508847491684,19.159417193625,102.519386299999,19.1859480999999,FALSE,Existing,Nam Ngum 5 hydropower
136,way,LA,line,115000,Phonsavan extension,3,50,ERIA 2021,103.059508700266,19.5077194699539,103.180356699999,19.4392403999999,FALSE,Existing,This is part of the connection from Luang Prabang - Nho Quan
137,way,LA,line,115000,Phonsavan extension 2,3,50,ERIA 2021,103.3464964,19.1495061,103.180356699999,19.4392403999999,FALSE,Existing,This is part of the connection from Luang Prabang - Nho Quan
138,way,LA,line,115000,Xamneura extension,3,50,ERIA 2021,103.915094131068,20.0774237174751,103.959200099999,20.1906014999999,FALSE,Existing,This is part of the connection from Luang Prabang - Nho Quan
139,way,LA,line,230000,Xamneura extension 2,3,50,ERIA 2015,103.915100279315,20.0774123107422,104.3099192,19.993063,FALSE,TBC,This is part of the connection from Luang Prabang - Nho Quan
140,way,LA,line,115000,Luang Namtha extension,3,50,ERIA 2021,101.419600418325,20.9344588975101,101.001828599999,20.5862561999999,FALSE,Existing,
141,way,LA,line,115000,Luang Namtha extension 2,3,50,ERIA 2021,100.826426899999,20.395046,100.775903028772,20.3614722345771,FALSE,Existing,
142,way,LA,line,230000,Luang Namtha extension 3,3,50,ERIA 2021,101.059087099999,20.0227494000001,101.692437402127,19.7337942507477,FALSE,Existing,
143,way,LA,line,115000,Houayxay extension,3,50,ERIA 2015,100.5414258,20.3449837999999,100.775884724618,20.3614659987418,FALSE,TBC,
144,way,MM,line,500000,Phayargyi - Mawiamying 500kV,3,50,MOEP 2019,96.0483404843088,16.9397916360742,97.6677510166387,16.471506767621,FALSE,Construction,
145,way,MM,line,66000,Kyaw - Gangaw,3,50,MOEP 2019,94.1492849999996,22.1641702999998,94.3479472999996,21.9251647999998,FALSE,Existing,
146,way,MM,line,132000,Bhamo - Dapein (1),3,50,MOEP 2019,97.2476466423751,24.2224741053191,97.5024255576252,24.4041253946808,FALSE,Existing,
147,way,MM,line,66000,Myitkyina (3) - Waingmaw,3,50,MOEP 2019,97.3886796999995,25.3900598999999,97.5986291062467,25.3826354534093,FALSE,Existing,
148,way,MM,line,66000,Kalaw - Zawgyi,3,50,MOEP 2019,96.5921755253552,20.6431969167939,96.8965121657725,21.399233723387,FALSE,Existing,
149,way,MM,line,66000,Kalay - Mawlike,3,50,MOEP 2019,94.0646194999996,23.1830030999999,94.3254606999995,23.3626461999999,FALSE,Construction,
150,way,MM,line,66000,Shweli (1) - Namkhan,3,50,MOEP 2019,97.45635839112,23.6683173688472,97.6528675999995,23.8264314999999,FALSE,Existing,
151,way,MM,line,66000,Namkhan - Muse,3,50,MOEP 2019,97.6528675999995,23.8264314999999,97.9123204999995,23.9971127999999,FALSE,Existing,
152,way,MM,line,66000,Bhamo - Myo Thit,3,50,MOEP 2019,97.2474048912721,24.2231723161443,97.4086248999995,24.4188788999999,FALSE,Existing,
153,way,MM,line,66000,Myo Thit - Daw Pon Yan,3,50,MOEP 2019,97.4086248999995,24.4188788999999,97.4569651999995,24.6071934999999,FALSE,Existing,
154,way,MM,line,230000,Yangon 500kV - substation,3,50,,96.0483404843089,16.9397916360742,96.0399081999996,16.9126604,FALSE,Construction,'Its not directly mentioned in the map
155,way,MM,line,500000,Yangon - Phayargyi 500kV,3,50,MOEP 2019,96.0483404843089,16.9397916360742,96.4543994928684,17.477056353011,FALSE,Construction,
156,way,MM,line,500000,Phayargyi extension 500kV,3,50,MOEP 2019,96.4543994928684,17.477056353011,96.479014,17.551195,FALSE,Construction,
157,way,MM,line,500000,Phayargyi - Taungoo 500kV,3,50,MOEP 2019,96.4319925999999,18.2932428999999,96.301201,18.9629901,FALSE,Construction,
158,way,MM,line,500000,Taungoo - Meikhtila 500kV,3,50,MOEP 2019,95.8049117999999,20.5898895,95.7553196999999,20.7927617,FALSE,Construction,
159,way,KH,line,115000,Khampongsalao - Chey Sen,3,50,EDC 2017,105.885597081214,14.0895253033298,105.392483761235,13.7734262725585,FALSE,TBC,
160,way,KH,line,115000,Chey Sen - Kampong Thom,3,50,EDC 2017,105.392483761235,13.7734262725585,104.911689100168,12.767275071219,FALSE,Existing,
161,way,KH,line,230000,Kampong Thom - Kampong Cham,3,50,EDC 2017,104.911684788592,12.7672660484529,105.365544,12.0512756,FALSE,Construction,
162,way,KH,line,230000,Kampong Thom - E-SRP,3,50,EDC 2017,104.911684788592,12.7672660484529,104.1438796,13.2011494,FALSE,Construction,
163,way,KH,line,115000,Banteay Meanchey - Siem Reap,3,50,EDC 2017,102.989699499999,13.6010204999999,103.960807793431,13.383195661286,FALSE,Existing,
164,way,KH,line,115000,Siem Reap - E-SRP,3,50,EDC 2017,103.960807793431,13.383195661286,103.909811284818,13.3460735852115,FALSE,Existing,
165,way,KH,line,115000,Pailin extension,3,50,EDC 2017,102.9362485,12.8672594,102.631393399294,12.8414770929044,FALSE,Existing,
166,way,KH,line,230000,Kampong Cham extension,3,50,EDC 2017,105.3532152,12.0502172,105.015198463727,12.0213485509618,FALSE,Existing,
167,way,KH,line,115000,Kampong Cham extension 2,3,50,EDC 2017,105.4012294,12.0559473,105.5012751,12.2685172,FALSE,Construction,
168,way,KH,line,115000,Kampong Cham - KTE,3,50,EDC 2017,105.7057421,12.2951195,106.080682080704,12.4955206861864,FALSE,Construction,
169,way,KH,line,230000,Thoung Khmum - Kampong Cham,3,50,EDC 2017,105.733506799999,11.8991324,105.5365495,11.9161614,FALSE,Existing,
170,way,KH,line,230000,Thong Khmum - Svay Antor,3,50,EDC 2017,105.733506799999,11.8991324,105.441187872245,11.5856675691438,FALSE,TBC,
171,way,KH,line,230000,Svay Antor - EPP,3,50,EDC 2017,105.441187872245,11.5856675691438,105.072165400556,11.7068864791952,FALSE,TBC,
172,way,KH,line,115000,Svay Antor - Kampong Soeng,3,50,EDC 2017,105.441187872245,11.5856675691438,105.3586963,11.2086763,FALSE,Existing,
173,way,KH,line,230000,Phonom Penh extension,3,50,EDC 2017,105.0700946,11.7109553,104.9016854,11.7350131,FALSE,Existing,
174,way,KH,line,230000,Phonom Penh - Khemara Phoumin,3,50,EDC 2017,104.76025861579,11.5623077617442,103.115569284209,11.6548433382559,FALSE,Construction,
175,way,KH,line,230000,Chbar Mon 230kV extension,3,50,EDC 2017,104.4424926,11.4093696,104.3929508,11.3438331,FALSE,Existing,
176,way,KH,line,230000,Chbar Mon 230kV extension 2,3,50,EDC 2017,104.0663838,11.1924028,104.0027055,11.1578926,FALSE,Existing,
177,way,KH,line,115000,Chbar Mon 115kV extension,3,50,EDC 2017,104.217578099999,11.2820002,104.205529599999,11.2743734,FALSE,Existing,
178,way,KH,line,230000,Chamkar Loung 230kV extension,3,50,EDC 2017,103.889688154099,11.0767373561774,103.8680506,11.0671704,FALSE,Existing,
179,way,KH,line,115000,Chamkar Loung 230kV extension 2,3,50,EDC 2017,103.889688110069,11.0767453427366,103.643517499999,11.1823594,FALSE,Existing,
180,way,KH,line,115000,Chamkar Loung 115kV extension,3,50,EDC 2017,104.020882799999,11.1908675,103.86805837305,11.0671766912386,FALSE,Existing,
181,way,KH,line,115000,Kampung Soeng extension,3,50,EDC 2017,105.3586963,11.2086763,105.177297,11.4331439,FALSE,Existing,
182,way,ID,line,150000,Buntok - Tamiang Layang,3,50,ESDM 2020,114.980914599999,-1.75001410000001,115.164852572348,-2.11521771732708,FALSE,Construction,
183,way,ID,line,150000,Tamiang Layang - Amuntai,3,50,ESDM 2020,115.164852572348,-2.11521771732708,115.294877783584,-2.41664742456164,FALSE,Construction,
184,way,ID,line,150000,Selaru - Sebuku extension,3,50,ESDM 2020,116.1560683,-3.4521147,116.1985479,-3.4608497,FALSE,Construction,
185,way,ID,line,150000,Kotabaru - Tarjun,3,50,ESDM 2020,116.176049559647,-3.29215486210735,116.108943545461,-3.24724633054344,FALSE,Construction,
186,way,ID,line,150000,Batulicin - Tarjun,3,50,ESDM 2020,115.985867818758,-3.48257618436166,116.108943545461,-3.24724633054344,FALSE,Construction,
187,way,ID,line,150000,Tarjun - Sei Durian,3,50,ESDM 2020,116.108943545461,-3.24724633054344,115.981983716352,-2.58719228241942,FALSE,Construction,
188,way,ID,line,150000,Sei Durian - Grogot,3,50,ESDM 2020,115.981983716352,-2.58719228241942,116.165494099999,-1.89858370000002,FALSE,Construction,
189,way,ID,line,500000,Kariangan - Nusantara,3,50,ESDM 2020,116.793332399999,-1.1658767,116.710970846556,-0.986242462316232,FALSE,Construction,
190,way,ID,line,500000,Nusantara - Embalut,3,50,ESDM 2020,116.710970846556,-0.986242462316232,117.051218361944,-0.382042154508023,FALSE,Construction,
191,way,ID,line,500000,Embalut - Tanjung Selor,3,50,ESDM 2020,117.051218361944,-0.382042154508023,117.36764858861,2.81294680933171,FALSE,Construction,
192,way,ID,line,150000,Tayan - Sandai,3,50,ESDM 2020,110.093600678457,0.00202372448216518,110.539292626896,-1.19925384314691,FALSE,Construction,Substation - Substation node
193,way,ID,line,150000,Sandai - Sukadana,3,50,ESDM 2020,110.539175108826,-1.19985692003855,109.978094770813,-1.22344527614782,FALSE,Construction,Substation - Substation node
194,way,ID,line,150000,Sanggan - Entikong,3,50,ESDM 2020,110.546482391271,0.123492553025859,110.359139765983,0.950736142242943,FALSE,Construction,Substation - Electricity utility office as a surrogate
195,way,ID,line,150000,Sintang Extension,3,50,ESDM 2020,111.2472854,-0.002966399999989,111.4240388,-0.0125019,FALSE,Existing,
196,way,ID,line,150000,Sintang - Badau,3,50,ESDM 2020,111.440944529206,0.0426672330204892,111.902383596852,1.04352954096759,FALSE,Construction,Substation - Electricity utility office as a surrogate
197,way,ID,line,150000,Sintang - Putussibau,3,50,ESDM 2020,111.440949040755,0.0426630850315963,112.926416823903,0.885149205491668,FALSE,Construction,Substation - Electricity utility office as a surrogate
198,way,ID,line,150000,Sintang - Nanga Pinoh,3,50,ESDM 2020,111.440946554632,0.0426503154169166,111.741493244688,-0.336464836399845,FALSE,Construction,Substation - Electricity utility office as a surrogate
199,way,ID,line,150000,Nanga Pinoh - Kota Baru 2,3,50,ESDM 2020,111.741493244688,-0.336464836399845,111.541915499034,-0.800019256119101,FALSE,Construction,Substation - Diesel generator as a surrogate
200,way,ID,line,150000,Kedawangan - Marau,3,50,ESDM 2020,110.137830977657,-2.2955735245036,110.707746859346,-2.1244678977156,FALSE,Construction,Substation - Electricity utility office as a surrogate
201,way,ID,line,150000,Marau - Sukamara,3,50,ESDM 2020,110.707752925571,-2.12447584761543,111.200662010288,-2.77044224124614,FALSE,Construction,Electricity utility office as a surrogate - Substation
202,way,ID,line,150000,Sukamara - Pangkalan Bun,3,50,ESDM 2020,111.200671569386,-2.77043930464213,111.7035569,-2.61595035,FALSE,Construction,Electricity utility office as a surrogate - Substation
203,way,ID,line,150000,Sukamara - Nagabulik,3,50,ESDM 2020,111.200666339125,-2.77043322674828,111.46777928173,-2.21418933487143,FALSE,Construction,Electricity utility office as a surrogate - Substation
204,way,ID,line,150000,Kuala Pambuang Extension,3,50,ESDM 2020,112.909434,-2.762484,112.562575960431,-3.37485381922129,FALSE,Construction,
205,way,ID,line,150000,Kasangan - Kuala Kurun,3,50,ESDM 2020,113.434157567353,-1.8990927290719,113.5671709,-1.37203170000001,FALSE,Construction,Substation - Substation node
206,way,ID,line,150000,Kuala Kurun - Puruk Cahu,3,50,ESDM 2020,114.5462432,-0.701772600000021,113.808130306935,-1.11504945156318,FALSE,Construction,Substation - Substation node
207,way,ID,line,150000,Palangkaraya - Buntok,3,50,ESDM 2020,113.873680003731,-2.17490332205676,114.980846265095,-1.74958328602158,FALSE,Construction,Substation - Substation node
208,way,ID,line,150000,Bangkahai - Melak,3,50,ESDM 2020,115.135570799999,-0.623483300000021,115.7869046333,-0.228529345540242,FALSE,Construction,Substation - Substation (772) node
209,way,ID,line,150000,Melak - Ujoh Bilang,3,50,ESDM 2020,115.786898742578,-0.228521264736367,115.237209044999,0.525534764641901,FALSE,Construction,Substation (772) - Substation node
210,way,ID,line,150000,Melak - Kota Bangun,3,50,ESDM 2020,115.786914619415,-0.228529872331102,116.595658013885,-0.271192973209214,FALSE,Construction,Substation (772) - Substation node
211,way,ID,line,150000,Kota Bangun - Kembang Janggut,3,50,ESDM 2020,116.595662063832,-0.271185452521512,116.201276483474,0.263470841166884,FALSE,Construction,Substation - Electricity utility office as a surrogate
212,way,ID,line,150000,Kembang Janggut - Muara Bengkal,3,50,ESDM 2020,116.201279950025,0.26348229288888,116.714479366178,0.449285540038282,FALSE,Construction,Electricity utility office - Electricity utility office as a surrogate
213,way,ID,line,150000,Muara Bengkel - Muara Wahau,3,50,ESDM 2020,116.714482616632,0.449294997022279,116.922429005719,1.05430138813007,FALSE,Construction,Electricity utility office as a surrogate - Substation
214,way,ID,line,150000,Muara Wahau - Sangatta,3,50,ESDM 2020,116.922436436907,1.05429469653466,117.570812568812,0.470448491595408,FALSE,Construction,Substation - Substation node
215,way,ID,line,150000,Muara Wahau - Tanjung Redeb,3,50,ESDM 2020,116.922433613919,1.05431026306662,117.478017799999,2.1243105,FALSE,Construction,Substation - Substation node
216,way,ID,line,150000,Maoli - Talisayan,3,50,ESDM 2020,117.847861737281,0.917780092269606,118.147700650358,1.61780641738751,FALSE,Construction,Substation - Substation node
217,way,ID,line,150000,Talisayan - Tajung Redeb,3,50,ESDM 2020,118.147692674673,1.61781244967134,117.478025775685,2.12430446771616,FALSE,Construction,Substation - Substation node
218,way,ID,line,150000,Tanjung Redeb - Tanjung Batu,3,50,ESDM 2020,117.478027500436,2.12431292930595,118.092464178409,2.27818792733166,FALSE,Construction,Substation - Electricity utility office as a surrogate
219,way,ID,line,150000,Tanjung Selor - Tindang Pale,3,50,ESDM 2020,117.36764858861,2.81294680933171,116.885932411389,3.56153659066827,FALSE,Construction,Substation - Substation node
220,way,ID,line,150000,Tindang Pale - Nunukan,3,50,ESDM 2020,116.885935837081,3.56154968038389,117.678713961694,3.9814288043387,FALSE,Construction,Substation - Electricity utility office as a surrogate
221,way,ID,line,150000,Nunukan - Sebuku,3,50,ESDM 2020,117.678704081173,3.98143034554474,116.988477987433,4.08909477751275,FALSE,Construction,Electricity utility office - Electricity utility office as a surrogate
222,way,ID,line,150000,Palinau - Sebuku,3,50,ESDM 2020,116.628739986078,3.51142608866145,116.988462820834,4.08908783005734,FALSE,Construction,Substation - Electricity utility office as a surrogate
223,way,ID,line,150000,Papua extension,3,50,ESDM 2020,136.885198124336,-4.59723241949967,136.9029736,-4.6035032,FALSE,Existing,
224,way,ID,line,150000,Papua extension 2,3,50,ESDM 2020,136.826144399999,-4.67557570000002,136.833987799999,-4.6603087,FALSE,Existing,
225,way,ID,line,150000,Malil extension,3,50,ESDM 2020,121.130082599999,-2.64463049999998,121.1808131,-2.6669054,FALSE,Existing,
226,way,ID,line,150000,Palopo extension,3,50,ESDM 2020,120.261181699999,-3.22638890000007,120.319066699999,-3.34218550000007,FALSE,Existing,
227,way,ID,line,275000,Palopo - Makale,3,50,ESDM 2020,120.179122567193,-3.02427774975882,119.895112719113,-3.07215135709431,FALSE,Construction,
228,way,ID,line,275000,Makale - Engrekang,3,50,ESDM 2020,119.895112719113,-3.07215135709431,119.77633991263,-3.52164481934397,FALSE,Construction,
229,way,ID,line,275000,Engrekang - Bakaru,3,50,ESDM 2020,119.77633991263,-3.52164481934397,119.651629,-3.47972149999998,FALSE,Construction,
230,way,ID,line,275000,Engrekang - Sidrap,3,50,ESDM 2020,119.77633991263,-3.52164481934397,119.752640448562,-3.91667583940641,FALSE,Construction,
231,way,ID,line,275000,Sidrap - Daya Baru,3,50,ESDM 2020,119.752640448562,-3.91667583940641,119.605514999999,-5.1434021,FALSE,Construction,
232,way,ID,line,275000,Daya Baru - Punagaya,3,50,ESDM 2020,119.605514999999,-5.1434021,119.56231,-5.62498670000001,FALSE,Construction,
233,way,ID,line,150000,Kasipute extension,3,50,ESDM 2020,122.0260477,-4.7141691,122.0246579,-4.7297048,FALSE,Existing,
234,way,ID,line,150000,Kasipute - Raha,3,50,ESDM 2020,122.0246579,-4.7297048,122.7183488,-4.87480909999998,FALSE,Construction,
235,way,ID,line,150000,Palu - Mamuju Extension,3,50,ESDM 2020,119.3421093,-1.2819888,119.3338126,-1.4815622,FALSE,Construction,Close connection
236,way,ID,line,150000,Palu - Mamuju Extension,3,50,ESDM 2020,119.192401,-2.3320325,119.1876206,-2.405434,FALSE,Construction,Close connection
237,way,ID,line,150000,Gorontalo - Molibagu,3,50,ESDM 2020,123.135198084866,0.434926150042165,124.051165515134,0.384475449957844,FALSE,Construction,Substation - Substation node
238,way,ID,line,150000,Molibagu - Tutuyan,3,50,ESDM 2020,124.051183708817,0.384480610982229,124.601090677526,0.767058124871973,FALSE,Construction,Substation - Substation node
239,way,ID,line,150000,Otam - Tutuyan,3,50,ESDM 2020,124.292878391073,0.780095977558652,124.60108889527,0.767064258295551,FALSE,Construction,Substation - Substation node
240,way,ID,line,150000,Tutuyan - Belang,3,50,ESDM 2020,124.601106114188,0.767070746590189,124.797234378995,0.954594255330924,FALSE,Construction,Substation - Electricity utility office as a surrogate
241,way,ID,line,150000,Belang - Tanjung Merah,3,50,ESDM 2020,124.797240040128,0.954602498605562,125.086047738867,1.37514045672536,FALSE,Construction,Electricity utility office as a surrogate - Substation
242,way,ID,line,150000,Malingkapoto - Tolinggula,3,50,ESDM 2020,122.797423605096,0.849953523590022,122.151691812067,1.01949245605841,FALSE,Construction,Substation - Substation node
243,way,ID,line,150000,Tolinggula - Leok,3,50,ESDM 2020,122.151682143127,1.01949500784304,121.414127725688,1.21414717090411,FALSE,Construction,Substation - Substation node
244,way,ID,line,150000,Leok - Tolitoli,3,50,ESDM 2020,121.414117927947,1.21414516983874,120.845344977233,1.09798045374506,FALSE,Construction,Substation - Substation node (725)
245,way,ID,line,150000,Marisa - Moutong,3,50,ESDM 2020,122.01288020188,0.47801330608669,120.939760188807,0.457200167275186,FALSE,Construction,Substation (725) - Substation node
246,way,ID,line,150000,Moutong - Bangkir,3,50,ESDM 2020,120.939751327338,0.457204801318926,120.248356487037,0.818764923408339,FALSE,Construction,Substation - Substation node
247,way,ID,line,150000,Tolitoli - Bangkir,3,50,ESDM 2020,120.845335919016,1.09797621715568,120.248365545255,0.81876915999772,FALSE,Construction,Substation - Substation node
248,way,ID,line,150000,Bangkir - Tambu,3,50,ESDM 2020,120.248352620814,0.818755701026901,119.887390158611,-0.042274165784735,FALSE,Construction,Substation - Substation node
249,way,ID,line,150000,Tambu - Taweli,3,50,ESDM 2020,119.887389708123,-0.0422841556326352,119.8562828,-0.732099799999973,FALSE,Construction,Substation - Substation node
250,way,ID,line,150000,Porso - Ampana,3,50,ESDM 2020,120.703791648166,-1.41150687912231,121.546240972969,-0.922404950043396,FALSE,Construction,Substation - Substation node
251,way,ID,line,150000,Ampanana - Bunta,3,50,ESDM 2020,121.546250972498,-0.922405047091002,122.144104632197,-0.928207346972475,FALSE,Construction,Substation - Substation node
252,way,ID,line,150000,Bunta - Luwuk,3,50,ESDM 2020,122.144114592789,-0.928208233886231,122.775768239408,-0.984452113086244,FALSE,Construction,Substation - Substation node
253,way,ID,line,150000,Ampana - Toili,3,50,ESDM 2020,121.546249264903,-0.922410539661738,122.3364175,-1.4550654,FALSE,Construction,Substation - Substation node
254,way,ID,line,150000,Tentena - Kolonedale,3,50,ESDM 2020,120.650054707123,-1.64032483945111,121.41520840822,-2.08141879129669,FALSE,Construction,Substation - Substation node
255,way,ID,line,150000,Wotu - Bungku,3,50,ESDM 2020,120.792829478308,-2.55313174171482,121.930315848598,-2.47808992246297,FALSE,Construction,Substation - Substation node
256,way,ID,line,150000,Kolonedale - Bungku,3,50,ESDM 2020,121.415216331228,-2.0814248926035,121.93030792559,-2.47808382115617,FALSE,Construction,Substation - Substation node
257,way,ID,line,275000,Bungku - Andowia,3,50,ESDM 2020,121.930317517934,-2.4780997821444,122.104816530124,-3.50875198570074,FALSE,Construction,Substation - Electricity utility office as a surrogate
258,way,ID,line,275000,Andowia - Kendari,3,50,ESDM 2020,122.104823208494,-3.50875942877618,122.505872121629,-3.95573035692456,FALSE,Construction,Electricity utility office as a surrogate - Substation
259,way,MY,line,500000,Long Lama - Limbang,3,50,Sarawak Energy,114.1610928,3.7227806,115.048857835842,4.32019523473803,FALSE,Construction,
260,way,MY,line,275000,Limbang extension,3,50,Sarawak Energy,115.048857835842,4.32019523473803,115.023601093126,4.77113406938429,FALSE,Construction,
261,way,MY,line,275000,Limbang - Lawas,3,50,Sarawak Energy,115.048857835842,4.32019523473803,115.418674404065,4.8656596976753,FALSE,Construction,
262,way,MY,line,500000,Mapai - Baleh Hydropower,3,50,Sarawak Energy,112.272254499999,2.1213833,113.7724,1.8058,FALSE,Construction,
263,way,MY,line,150000,Klimanis - Mengalong,3,50,ECOS 2023,115.906654899999,5.65798359999996,115.534031863192,5.00983896986369,FALSE,Construction,
264,way,MY,line,275000,Mengalong - Kalumpang,3,50,ECOS 2023,115.534031863192,5.00983896986369,118.182777935598,4.43819155791587,FALSE,Construction,
265,way,MY,line,275000,Segalud - Dam Road,3,50,ECOS 2023,117.789920499999,5.75080549999998,118.317797465408,5.05645783306263,FALSE,Construction,
